Id,Date,Operator,DescriptionWork,DateStart,DateEnd,BreakFastTime,LunchTime,TotalTime,SpentTime,IdList1,SematId,UserId
1,2025-06-09,22,اللبفف,07:00:00.000000,17:30:00.000000,00:30:00.000000,00:30:00.000000,10:30:00.000000,09:30:00.000000,4,69,29
2,2025-12-08,2046,پوست کندن کویل 9 عدد,09:00:00.000000,14:10:00.000000,00:30:00.000000,00:00:00.000000,05:10:00.000000,04:40:00.000000,1569,1118,2028
3,2025-12-08,2046,پلیسه گیری (نیمه کاره 1 عدد),14:15:00.000000,15:00:00.000000,00:00:00.000000,00:00:00.000000,00:45:00.000000,00:45:00.000000,1569,1118,2028
4,2025-12-07,2046,پوست کندن کویل 6 عدد,10:10:00.000000,17:00:00.000000,00:30:00.000000,00:30:00.000000,06:50:00.000000,05:50:00.000000,1569,1118,2028
5,2025-12-09,2045,پوست کندن 7 عدد کویل ,07:45:00.000000,14:20:00.000000,00:30:00.000000,00:00:00.000000,06:35:00.000000,06:05:00.000000,1569,1118,2028
6,2025-12-08,2045,پلیسه گیری و رفع اتصال 1 عدد و نصف ,14:45:00.000000,17:30:00.000000,00:00:00.000000,00:30:00.000000,02:45:00.000000,02:15:00.000000,1569,1118,2028
7,2025-12-08,2044,سوراخ کاری و قلاویز کاری,07:30:00.000000,12:00:00.000000,00:30:00.000000,00:00:00.000000,04:30:00.000000,04:00:00.000000,1572,1118,2028
8,2025-12-09,2044,قلاویز کاری پوسته,12:00:00.000000,13:30:00.000000,00:00:00.000000,00:00:00.000000,01:30:00.000000,01:30:00.000000,1572,1118,2028
9,2025-12-08,2044,قلاویز کاری پوسته,12:00:00.000000,13:30:00.000000,00:00:00.000000,00:00:00.000000,01:30:00.000000,01:30:00.000000,1561,1118,2028
10,2025-12-08,2043,پوست کندن کویل الستوم 9 عدد,08:00:00.000000,14:30:00.000000,00:30:00.000000,00:00:00.000000,06:30:00.000000,06:00:00.000000,1569,1118,2028
11,2025-12-08,2043,پلیسه گیری کویل الستوم 2 عدد,14:30:00.000000,17:00:00.000000,00:00:00.000000,00:30:00.000000,02:30:00.000000,02:00:00.000000,1569,1118,2028
12,2025-12-08,2043,تا کردن  عایق بازو 12 عدد,17:00:00.000000,17:30:00.000000,00:00:00.000000,00:00:00.000000,00:30:00.000000,00:30:00.000000,1569,1118,2028
13,2025-12-08,2041,پوست کندن کویل 6 عدد,08:55:00.000000,14:30:00.000000,00:30:00.000000,00:00:00.000000,05:35:00.000000,05:05:00.000000,1569,1118,2028
14,2025-12-08,2041,پلیسه گیری 1 عدد,17:00:00.000000,17:40:00.000000,00:00:00.000000,00:00:00.000000,00:40:00.000000,00:40:00.000000,1569,1118,2028
15,2025-12-08,2038,جوشکاری رشته سیم های اب شده و سرسیم کویل جوشکاری شده هرکویل 2 عدد سرسیم تعداد کویل 17 عدد,07:35:00.000000,17:30:00.000000,00:30:00.000000,00:30:00.000000,09:55:00.000000,08:55:00.000000,1569,1118,2028
16,2025-12-08,2034,کمک به اقای رحمت الهی جهت صاف کردن پوسته اکسیژن,16:30:00.000000,17:30:00.000000,00:00:00.000000,00:00:00.000000,01:00:00.000000,01:00:00.000000,1551,1118,2028
17,2025-12-08,2031,سمباده کاری بدنه و قطعات الکتروموتور معدن- رنگ امیزی بدنه و قطعات ,07:40:00.000000,13:00:00.000000,00:30:00.000000,00:00:00.000000,05:20:00.000000,04:50:00.000000,1571,1118,2028
18,2025-12-08,2039,پوست گیری 5 عدد ,13:15:00.000000,15:10:00.000000,00:30:00.000000,00:00:00.000000,01:55:00.000000,01:25:00.000000,1569,1118,2028
19,2025-12-08,2039,پلیسه گیری 2 عدد,15:20:00.000000,17:20:00.000000,00:00:00.000000,00:30:00.000000,02:00:00.000000,01:30:00.000000,1569,1118,2028
1002,2025-12-11,2044,,07:38:00.000000,18:04:00.000000,00:30:00.000000,00:30:00.000000,10:26:00.000000,09:26:00.000000,1573,106,28
2002,2025-12-04,2039,شستشو استاتور با بنزین ,12:45:00.000000,14:00:00.000000,00:00:00.000000,00:00:00.000000,01:15:00.000000,01:15:00.000000,1558,69,29
2003,2025-12-14,2029,پلیسه گیری و رفع اتصال 1.5 عدد ,07:30:00.000000,09:00:00.000000,00:00:00.000000,00:00:00.000000,01:30:00.000000,01:30:00.000000,1569,69,29
2004,2025-12-09,2031,رفع اتصال ارمیچر ,07:00:00.000000,08:15:00.000000,00:00:00.000000,00:00:00.000000,01:15:00.000000,01:15:00.000000,1571,69,29
2005,2025-12-14,2031,ساخت پایه موتور و عایق بندی ,16:00:00.000000,17:30:00.000000,00:00:00.000000,00:00:00.000000,01:30:00.000000,01:30:00.000000,1572,69,29
2006,2025-12-14,2035,در اوردن عایق های شیار و خم زدن عایق ها و جای گذاری و عایق کردن رینگ ها و گرفتن سر سیم جهت پیچیدن کلاف ,09:00:00.000000,13:30:00.000000,00:30:00.000000,00:00:00.000000,04:30:00.000000,04:00:00.000000,1561,69,29
2007,2025-12-14,2038,جوشکاری رشته سیمهای اب شده و تعویض سر سیم 12 عدد ,07:35:00.000000,14:00:00.000000,00:00:00.000000,00:00:00.000000,06:25:00.000000,06:25:00.000000,1569,69,29
2008,2025-12-14,2039,تمیز کاری و چرخاندن و سوزاندن نصف شیار ها ,07:40:00.000000,12:30:00.000000,00:30:00.000000,00:00:00.000000,04:50:00.000000,04:20:00.000000,1569,69,29
2009,2025-12-14,2040,بالا دادن بافت و تخلیه کامل و در اوردن رینگ و فرک دهی کویل ها و جابجایی به داخل کوره ,10:30:00.000000,17:30:00.000000,00:00:00.000000,00:30:00.000000,07:00:00.000000,06:30:00.000000,1564,69,29
2010,2025-12-14,2042,جابجایی الستوم ,08:00:00.000000,10:00:00.000000,00:00:00.000000,00:00:00.000000,02:00:00.000000,02:00:00.000000,1564,69,29
2011,2025-12-14,2042,تخلیه کامل الستوم ,10:30:00.000000,17:30:00.000000,00:00:00.000000,00:30:00.000000,07:00:00.000000,06:30:00.000000,1564,69,29
2012,2025-12-09,2045,تکمیل پلیسه گیری نیمه کاره و پلیسه گیری ورفع اتصال 1.5 عدد ,07:45:00.000000,17:30:00.000000,00:30:00.000000,00:30:00.000000,09:45:00.000000,08:45:00.000000,1569,69,29
2013,2025-12-09,2044,قلاویز کاری کامل پوسته ,07:30:00.000000,08:30:00.000000,00:00:00.000000,00:00:00.000000,01:00:00.000000,01:00:00.000000,1562,69,29
2014,2025-12-09,2044,قلاویز کاری کامل پوسته ,08:30:00.000000,09:30:00.000000,00:00:00.000000,00:00:00.000000,01:00:00.000000,01:00:00.000000,1563,69,29
2015,2025-12-09,2044,قلاویز کاری کامل پوسته ,10:30:00.000000,11:30:00.000000,00:00:00.000000,00:00:00.000000,01:00:00.000000,01:00:00.000000,1565,69,29
2016,2025-12-09,2044,قلاویز کگاری کامل پوسته,11:30:00.000000,12:30:00.000000,00:00:00.000000,00:00:00.000000,01:00:00.000000,01:00:00.000000,1566,69,29
2017,2025-12-09,2044,قلاویز کاری کامل پوسته الستوم ,12:30:00.000000,13:30:00.000000,00:00:00.000000,00:00:00.000000,01:00:00.000000,01:00:00.000000,1567,69,29
2018,2025-12-09,2044,قلاویز کاری کامل پوسته الستوم ,13:30:00.000000,14:30:00.000000,00:00:00.000000,00:00:00.000000,01:00:00.000000,01:00:00.000000,1568,69,29
2019,2025-12-14,2031,تمیز کاری بدنه الکتروموتور رنگ آمیزی استاتور جا زدن و در اوردن جوش شفت ارمیچر بستن جا ذغالی و ساخت پایه ترمینال و مونتاژ نهایی و تست و بستن ,07:40:00.000000,23:40:00.000000,00:30:00.000000,00:30:00.000000,16:00:00.000000,15:00:00.000000,1571,69,29
2020,2025-12-10,2032,گرفتن نمونه کلاف پس کردن سیم پیچیدن 1 عدد کلاف نمونه و جای گذاری 6 عدد کلاف ,07:40:00.000000,15:30:00.000000,00:30:00.000000,00:00:00.000000,07:50:00.000000,07:20:00.000000,1561,69,29
2021,2025-12-10,2033,دمونتاژ الکتروموتور با همکاری اقای مستخدمی ,08:00:00.000000,10:00:00.000000,00:00:00.000000,00:00:00.000000,02:00:00.000000,02:00:00.000000,2562,69,29
2022,2025-12-14,2033,دمونتاژ الکتروموتور با همکاری آقای مستخدمی ,10:30:00.000000,14:30:00.000000,00:00:00.000000,00:00:00.000000,04:00:00.000000,04:00:00.000000,2562,69,29
2023,2025-12-14,2034,دمونتاژ الکتروموتور ,09:00:00.000000,14:30:00.000000,00:00:00.000000,00:00:00.000000,05:30:00.000000,05:30:00.000000,2562,69,29
2024,2025-12-14,2034,دمونتاژ الکتروموتور ,09:00:00.000000,13:00:00.000000,00:30:00.000000,00:00:00.000000,04:00:00.000000,03:30:00.000000,2562,69,29
2025,2025-12-10,2035,تقویت عایق رینگ روتور و خم زدن تعدادی از عایق های بین فاز و روی شیار و پیچیدن 1 عدد کلاف و جای گذاری 1 عدد کلاف و پیچیدن کالاف های استاتور 11 عدد ,07:40:00.000000,14:30:00.000000,00:00:00.000000,00:00:00.000000,06:50:00.000000,06:50:00.000000,1561,69,29
2026,2025-12-10,2038,جوشکاری سر سیم کویل به تعداد 10 عدد چیدمان رشته سیم های کویل 1 عدد ,15:30:00.000000,17:30:00.000000,00:00:00.000000,00:00:00.000000,02:00:00.000000,02:00:00.000000,1569,69,29
2027,2025-12-10,2039,تمیز کاری شیار های الستوم و پلیسه گیری هسته ,08:50:00.000000,14:50:00.000000,00:00:00.000000,00:00:00.000000,06:00:00.000000,06:00:00.000000,1569,69,29
2028,2025-12-10,2040,جای گذاری کلاف 6 عدد کلاف و چرخاندن الکتروموتور 2 بار و گذاشتن عایق با همکاری اقای حسینیان ,09:30:00.000000,15:30:00.000000,00:30:00.000000,00:00:00.000000,06:00:00.000000,05:30:00.000000,1554,69,29
2029,2025-12-10,2041,اندازه گیری و برش عایق 150 عدد ,07:55:00.000000,13:00:00.000000,00:30:00.000000,00:00:00.000000,05:05:00.000000,04:35:00.000000,1561,69,29
2030,2025-12-10,2043,پلیسه گیری و رفع اتصال 7 عدد ,07:45:00.000000,15:00:00.000000,00:30:00.000000,00:00:00.000000,07:15:00.000000,06:45:00.000000,1569,69,29
2031,2025-12-11,2045,پلیسه گیری 1 عدد کویل ,07:45:00.000000,11:55:00.000000,00:30:00.000000,00:00:00.000000,04:10:00.000000,03:40:00.000000,1569,69,29
2032,2025-12-11,2038,جوشکاری رشته سیم های اب شده و تعویض سر سیم های دو طرف 15 عدد و درست کردن سر سیم ,09:00:00.000000,13:30:00.000000,00:30:00.000000,00:00:00.000000,04:30:00.000000,04:00:00.000000,1569,69,29
2033,2025-12-11,2031,تخلیه ارمیچر ,09:00:00.000000,11:00:00.000000,00:30:00.000000,00:00:00.000000,02:00:00.000000,01:30:00.000000,2563,69,29
2034,2025-12-11,2031,تخلیه ارمیچر ,11:00:00.000000,13:00:00.000000,00:00:00.000000,00:00:00.000000,02:00:00.000000,02:00:00.000000,2564,69,29
2035,2025-12-11,2034,باز کردن تخته کلم ,08:00:00.000000,08:40:00.000000,00:00:00.000000,00:00:00.000000,00:40:00.000000,00:40:00.000000,2562,69,29
2036,2025-12-11,2034,دمونتاژ موتور ,08:40:00.000000,13:00:00.000000,00:00:00.000000,00:00:00.000000,04:20:00.000000,04:20:00.000000,2565,69,29
2037,2025-12-11,2034,دمونمتاژ الکتروموتور ,13:00:00.000000,16:40:00.000000,00:00:00.000000,00:30:00.000000,03:40:00.000000,03:10:00.000000,2566,69,29
2038,2025-12-11,2035,گرفتن نمونه عایق بین فاز و شیار پیشانی و جای گذاری 3 عدد کلاف و پیچیدن 11 عدد کلاف ,07:45:00.000000,13:30:00.000000,00:30:00.000000,00:00:00.000000,05:45:00.000000,05:15:00.000000,1561,69,29
2039,2025-12-11,2032,جای گذاری 6 عدد کلاف و چک کردن و سرچ زدن کویل های رفع اتصال شده ,07:40:00.000000,14:00:00.000000,00:30:00.000000,00:00:00.000000,06:20:00.000000,05:50:00.000000,1561,69,29
2040,2025-12-11,2033,همکاری با اقای مستخدمی در دراوردن فولی الکتروموتور ,13:30:00.000000,14:00:00.000000,00:00:00.000000,00:00:00.000000,00:30:00.000000,00:30:00.000000,1564,69,29
2041,2025-12-11,2029,و نیم 1 عدد پلیسه گیری و رفع اتصال ,07:40:00.000000,14:00:00.000000,00:30:00.000000,00:00:00.000000,06:20:00.000000,05:50:00.000000,1569,69,29
2042,2025-12-11,2041,برش عایق و خط کشی 26 عدد ,07:45:00.000000,08:50:00.000000,00:00:00.000000,00:00:00.000000,01:05:00.000000,01:05:00.000000,1561,69,29
2043,2025-12-11,2041,تکمیل پلیسه گیری 1 عدد ,09:00:00.000000,10:45:00.000000,00:30:00.000000,00:00:00.000000,01:45:00.000000,01:15:00.000000,2565,69,29
2044,2025-12-11,2042,سنگ زدن بین شیار ,08:00:00.000000,13:00:00.000000,00:30:00.000000,00:00:00.000000,05:00:00.000000,04:30:00.000000,1564,69,29
2045,2025-12-11,2042,همکاری با اقای حسینیان در جای گذاری کلاف ,07:45:00.000000,08:00:00.000000,00:00:00.000000,00:00:00.000000,00:15:00.000000,00:15:00.000000,1561,69,29
2046,2025-12-11,2039,تست زدن فوکو ,07:45:00.000000,08:30:00.000000,00:00:00.000000,00:00:00.000000,00:45:00.000000,00:45:00.000000,1569,69,29
2047,2025-12-11,2039,پوست کردن گوه 6 عدد ,08:40:00.000000,13:45:00.000000,00:00:00.000000,00:00:00.000000,05:05:00.000000,05:05:00.000000,1564,69,29
